shift_key_usage,cpm,wpm,rhythm_variability,backspace_count,capital_letters,error_rate,sentence_count,paragraph_count,flight_time_mean,flight_time_std,flight_time_median,dwell_time_mean,dwell_time_std,dwell_time_median,inter_key_latency_mean,inter_key_latency_std,inter_key_latency_median,task_type_Custom Text,task_type_Fixed Text,task_type_Free Typing,user_id
34.0,-0.8813778353156334,-0.8813778353156326,1.1696905975629424,90.0,6.0,0.0,14.0,4.0,0.36549555172976955,1.4267711942086407,0.12771201133728027,0.5391360863645619,11.63267781193628,0.11754155158996582,0.8549836561017482,11.706068217695012,0.2150874137878418,1,0,0,11
34.0,-0.5171105569509071,-0.517110556950906,0.10353535861648001,61.0,4.0,0.0,14.0,4.0,0.36549555172976955,1.4267711942086407,0.12771201133728027,0.5391360863645619,11.63267781193628,0.11754155158996582,0.577619741953247,7.1038818014152945,0.24075472354888916,0,1,0,11
27.0,1.3984883922665394,1.3984883922665405,-1.273225956179422,58.0,2.0,0.0,14.0,4.0,0.36549555172976955,1.4267711942086407,0.12771201133728027,0.5391360863645619,11.63267781193628,0.11754155158996582,0.3398277540098537,1.1609271640829038,0.21334755420684814,0,0,1,11
