shift_key_usage,cpm,wpm,rhythm_variability,backspace_count,capital_letters,error_rate,sentence_count,paragraph_count,flight_time_mean,flight_time_std,flight_time_median,dwell_time_mean,dwell_time_std,dwell_time_median,inter_key_latency_mean,inter_key_latency_std,inter_key_latency_median,task_type_Custom Text,task_type_Fixed Text,task_type_Free Typing,user_id
0.0,1.0625061779348872,1.0625061779348874,-0.7039078218602116,68.0,0.0,0.0,10.0,5.0,0.5803153546367215,4.087719838083819,0.06696701049804688,0.2184624842972523,8.434248999224472,0.06728816032409668,0.19143683696860697,0.28962836263782504,0.12603890895843506,1,0,0,7
4.0,-1.3395293204549517,-1.3395293204549519,1.4142087455827939,268.0,34.0,0.0,10.0,5.0,0.5803153546367215,4.087719838083819,0.06696701049804688,0.2184624842972523,8.434248999224472,0.06728816032409668,0.5054544473098497,9.958898729579225,0.13325977325439453,0,1,0,7
0.0,0.2770231425200662,0.2770231425200653,-0.7103009237225817,61.0,2.0,0.0,10.0,5.0,0.5803153546367215,4.087719838083819,0.06696701049804688,0.2184624842972523,8.434248999224472,0.06728816032409668,0.21716558458530796,0.26044364667798636,0.13395953178405762,0,0,1,7
